method,seed,episode,atct,energy_kwh,sla_pct,tasks_done
Random,42,0,20.71452297056479,0.5978277472677337,83.0,1000
Random,42,1,21.284992610225952,1.0174090587704256,81.8,1000
Random,42,2,20.389879697623545,1.642724114817549,80.80000000000001,1000
Random,42,3,22.627076272695835,1.525514411092288,80.5,1000
Random,42,4,21.153950708320238,1.2719504436454905,79.80000000000001,1000
Random,42,5,21.86224747013878,1.2070120346180615,79.5,1000
Random,42,6,20.632417359816017,0.7298055126016653,80.9,1000
Random,42,7,23.974153747577876,3.7924694272214308,81.3,1000
Random,42,8,25.14146162911393,6.806633478851399,82.6,1000
Random,42,9,20.2546047985901,7.513220966146317,81.28128128128128,999
Random,42,10,21.552456877191005,1.1846959137806736,80.80000000000001,1000
Random,42,11,21.39195726459306,1.8223886173339399,81.0,1000
Random,42,12,22.434530338823976,1.3572318114296709,79.80000000000001,1000
Random,42,13,21.045431372843858,1.715758383513144,80.5,1000
Random,42,14,22.92037153563687,3.6926955501430445,81.69999999999999,1000
Random,42,15,22.37739031766299,1.5089219874423931,80.10000000000001,1000
Random,42,16,20.17942650869849,0.9462477876044486,82.69999999999999,1000
Random,42,17,22.2625673168932,0.9021523632440586,82.5,1000
Random,42,18,24.445218649382767,1.3196479279298063,81.8,1000
Random,42,19,19.559211409777586,1.003054809871344,81.10000000000001,1000
Random,42,20,24.28445473084548,5.064961303506642,81.69999999999999,1000
Random,42,21,22.278169262686024,2.78640709233426,81.39999999999999,1000
Random,42,22,22.21935999657402,0.8525009258457061,78.8,1000
Random,42,23,19.95418917494872,0.5859273671304966,80.0,1000
Random,42,24,24.65008733161298,5.027489121713319,79.60000000000001,1000
Random,42,25,25.718050534752532,6.615323344412075,81.89999999999999,1000
Random,42,26,21.63380754173486,1.578553313783049,81.39999999999999,1000
Random,42,27,20.169655767477103,0.7713112144834482,84.6,1000
Random,42,28,20.299419430814932,1.6730342627694508,81.5,1000
Random,42,29,23.580855814916603,5.259675797327671,80.4,1000
Random,43,0,23.66921889329423,3.450098958720245,81.39999999999999,1000
Random,43,1,21.22600011417468,0.905247051455786,80.80000000000001,1000
Random,43,2,23.38628447551286,1.7547393843719943,81.10000000000001,1000
Random,43,3,22.25158058000528,2.261381704582604,80.5,1000
Random,43,4,21.76407210942799,1.027573131199965,81.8,1000
Random,43,5,19.440099448546142,0.5794535849660906,81.6,1000
Random,43,6,21.071670062454626,1.8448995143017939,82.1,1000
Random,43,7,20.95464361545364,7.426608145222834,80.98098098098097,999
Random,43,8,24.568171118238556,4.176845966201466,81.39999999999999,1000
Random,43,9,22.78795824657107,2.3945171015026103,81.10000000000001,1000
Random,43,10,23.77028409400935,3.4992441417636035,81.10000000000001,1000
Random,43,11,20.907375671787758,1.1632422792936865,82.3,1000
Random,43,12,22.887966113289234,1.595665739555285,81.0,1000
Random,43,13,25.72840806029114,2.8412008353206604,82.89999999999999,1000
Random,43,14,21.067556602016623,0.9057059961896738,79.2,1000
Random,43,15,21.992687552177266,3.491413785923359,80.4,1000
Random,43,16,22.626990357219473,1.7556579439675435,81.39999999999999,1000
Random,43,17,20.88497953935708,1.1407110305881483,80.5,1000
Random,43,18,22.026466187563937,1.6140886344884926,82.6,1000
Random,43,19,21.395803470128847,1.3238408965077826,80.30000000000001,1000
Random,43,20,21.847426552134312,1.0132604593704069,81.39999999999999,1000
Random,43,21,24.72461136879312,1.8318256048448924,81.3,1000
Random,43,22,21.121269013124163,1.1960490834092454,81.5,1000
Random,43,23,20.59202927206814,1.487566688572153,81.0,1000
Random,43,24,26.695199092468595,5.328194772009129,83.89999999999999,1000
Random,43,25,20.77250225481337,1.2211401874063965,82.1,1000
Random,43,26,22.754958245680985,1.7415468390208961,82.6,1000
Random,43,27,21.629332349597462,1.7119367491880408,81.2,1000
Random,43,28,24.59713656951806,3.5880423621595465,80.7,1000
Random,43,29,22.11960280642821,0.8167167084368232,81.89999999999999,1000
Random,44,0,27.87601096135327,4.562748980511418,82.0,1000
Random,44,1,22.242419013982513,1.3681868747661312,81.5,1000
Random,44,2,24.704083946780308,4.821944687228391,80.30000000000001,1000
Random,44,3,24.78078447000501,4.900035374147872,81.10000000000001,1000
Random,44,4,25.04013296838867,4.048962203289572,80.0,1000
Random,44,5,22.703384725023643,5.211268778397974,83.0,1000
Random,44,6,19.72965613931359,7.508639010770431,79.37937937937937,999
Random,44,7,21.615918040162608,1.0446132587515058,81.0,1000
Random,44,8,22.772308886503087,1.1207266865339651,81.69999999999999,1000
Random,44,9,25.06486841774492,2.646549957981736,78.9,1000
Random,44,10,22.436982208901462,1.4435796261341092,82.3,1000
Random,44,11,21.86710474553122,2.91328491493756,81.5,1000
Random,44,12,22.40344534223595,2.088444497513529,80.9,1000
Random,44,13,26.802237628088676,4.3460869748306825,81.5,1000
Random,44,14,23.800929216172797,1.9092838603142799,79.5,1000
Random,44,15,24.755707362342836,3.7945356792016343,81.39999999999999,1000
Random,44,16,26.765506946552318,6.4540047125136395,80.60000000000001,1000
Random,44,17,21.567261586612936,1.263969294092914,82.0,1000
Random,44,18,26.70569816706686,5.554355973139106,80.80000000000001,1000
Random,44,19,21.89325188569495,1.517068652828143,81.0,1000
Random,44,20,20.416369221431104,0.8260825255737784,79.5,1000
Random,44,21,25.812904399937658,6.774485895968801,79.80000000000001,1000
Random,44,22,20.313502916319564,1.0427839706979138,82.0,1000
Random,44,23,21.25289288824373,7.500008002500023,80.98098098098097,999
Random,44,24,21.105522355508736,1.3188419125845696,81.5,1000
Random,44,25,21.05645098974865,1.128379404027582,81.2,1000
Random,44,26,22.81716771634695,2.287394142266107,79.7,1000
Random,44,27,21.924450512143036,2.855292025194815,81.69999999999999,1000
Random,44,28,20.898992440341313,0.9463265275969274,80.4,1000
Random,44,29,21.12898948905121,2.265918615090922,80.80000000000001,1000
Random,45,0,22.481758056179846,0.8053545069456713,79.5,1000
Random,45,1,26.49257507529883,4.80894808499389,80.30000000000001,1000
Random,45,2,23.07433798851145,1.5746276808344652,81.2,1000
Random,45,3,22.552365390916798,2.2052501188066866,79.2,1000
Random,45,4,22.635730288610155,3.3923613007038016,80.7,1000
Random,45,5,20.827340207204944,1.194035202059142,79.2,1000
Random,45,6,22.788739488697637,3.144425946935774,80.9,1000
Random,45,7,20.36060291681071,7.57574371892267,81.38138138138137,999
Random,45,8,27.655943073303643,7.603753062728516,80.98098098098097,999
Random,45,9,21.43487082061215,0.7884238568092454,78.4,1000
Random,45,10,22.091534607456556,1.6344045033273709,81.89999999999999,1000
Random,45,11,21.333664254290706,1.2559865888362876,80.7,1000
Random,45,12,20.187352386774,1.0769146119207897,80.9,1000
Random,45,13,22.147547281841366,7.5692851099463345,81.98198198198197,999
Random,45,14,20.855181693798546,0.9813345051458958,81.3,1000
Random,45,15,20.862040213780723,1.2672504550846475,81.39999999999999,1000
Random,45,16,21.063105880088266,0.9839698796865942,82.1,1000
Random,45,17,21.926839779371868,0.9924486796886591,82.1,1000
Random,45,18,21.783959651790557,1.8942875566670694,80.5,1000
Random,45,19,22.18532908647614,1.9970084817373004,81.6,1000
Random,45,20,23.658298565711057,3.3450274771427555,80.5,1000
Random,45,21,20.730833100494632,2.01413890638367,80.10000000000001,1000
Random,45,22,19.818257149615995,0.687020607078125,81.10000000000001,1000
Random,45,23,21.476594981215808,1.3537961107233707,82.19999999999999,1000
Random,45,24,23.189736029095,2.7451506377850157,81.39999999999999,1000
Random,45,25,22.313131306758272,1.9372690311767542,79.3,1000
Random,45,26,22.213253502425356,1.7385078817458133,80.7,1000
Random,45,27,21.629823986917984,7.56005728114794,79.37937937937937,999
Random,45,28,24.457821385620978,4.317145799117735,81.69999999999999,1000
Random,45,29,22.090194149454014,0.8793939189700678,81.8,1000
Random,46,0,20.922378957568558,1.066389280160915,80.30000000000001,1000
Random,46,1,22.108544049800425,1.8937128029265229,81.2,1000
Random,46,2,25.669936340879104,5.053702474403003,81.0,1000
Random,46,3,25.62791804433767,5.851659610635925,82.6,1000
Random,46,4,22.384099991624318,1.587186567348626,80.80000000000001,1000
Random,46,5,23.650519947337667,1.7355447862186646,79.80000000000001,1000
Random,46,6,20.89997523101938,1.4822159972151407,81.6,1000
Random,46,7,22.361721797688787,7.387701444723256,82.88288288288288,999
Random,46,8,24.866462089391636,2.1289619530497075,81.3,1000
Random,46,9,22.83899926408395,1.4548905822650604,81.0,1000
Random,46,10,21.77872615333127,2.427075979539492,83.6,1000
Random,46,11,23.187561833711356,3.960802350942671,79.9,1000
Random,46,12,21.434152117445816,0.8680368396030278,80.30000000000001,1000
Random,46,13,22.606840950999736,2.9662538859396923,80.7,1000
Random,46,14,20.090389991524447,1.3718342918495132,79.3,1000
Random,46,15,19.58190422756305,0.5332977128624968,82.39999999999999,1000
Random,46,16,27.16457150291693,7.158637834048678,81.6,1000
Random,46,17,22.480444910097862,1.431285210375775,82.19999999999999,1000
Random,46,18,25.096461389152328,4.213016947428188,80.7,1000
Random,46,19,21.05168767283982,1.3800148357627098,81.39999999999999,1000
Random,46,20,22.531067078891933,0.6855382304044334,79.60000000000001,1000
Random,46,21,20.36369086126206,7.3917221068111205,82.18218218218219,999
Random,46,22,23.56295826460872,2.0311646489782587,79.2,1000
Random,46,23,23.200522483929465,2.021443923078232,82.89999999999999,1000
Random,46,24,21.581708311825338,0.7505251888242951,83.39999999999999,1000
Random,46,25,24.21386232379491,3.066104017351296,81.10000000000001,1000
Random,46,26,22.37806939498391,7.408520372200238,80.7615230460922,998
Random,46,27,23.517196287630757,2.4524967616836006,82.6,1000
Random,46,28,24.522940371039507,2.4520323182842523,81.69999999999999,1000
Random,46,29,21.58592800635789,2.669699275168125,83.5,1000
WeightedRR,42,0,21.114522970564792,0.9502535199272306,81.89999999999999,1000
WeightedRR,42,1,20.374992610225952,1.015020663667312,83.7,1000
WeightedRR,42,2,20.514879697623545,1.8651481269783632,80.2,1000
WeightedRR,42,3,21.61207627269583,1.2397700328410546,81.6,1000
WeightedRR,42,4,21.333950708320238,0.9869436863872968,77.10000000000001,1000
WeightedRR,42,5,21.097247470138782,1.789140227809698,82.0,1000
WeightedRR,42,6,19.847417359816017,0.944242499181959,83.5,1000
WeightedRR,42,7,21.929153747577875,1.519899559462236,80.80000000000001,1000
WeightedRR,42,8,22.69146162911393,4.882576673872787,82.69999999999999,1000
WeightedRR,42,9,22.883853707669825,5.955994233155732,80.60000000000001,1000
WeightedRR,42,10,21.197456877191005,1.3705018632895085,82.5,1000
WeightedRR,42,11,21.26195726459306,1.1082227958228952,78.4,1000
WeightedRR,42,12,21.119530338823978,0.7013226345984968,80.30000000000001,1000
WeightedRR,42,13,20.320431372843856,2.0047961355936086,82.6,1000
WeightedRR,42,14,20.060371535636868,1.002031385415873,83.2,1000
WeightedRR,42,15,22.40739031766299,2.1279887709958425,82.69999999999999,1000
WeightedRR,42,16,21.044426508698496,1.7382170443141904,81.69999999999999,1000
WeightedRR,42,17,22.797567316893197,3.3117009096036383,80.60000000000001,1000
WeightedRR,42,18,23.640218649382767,1.5930439377626495,81.3,1000
WeightedRR,42,19,18.824211409777583,0.5090668234813952,80.2,1000
WeightedRR,42,20,22.06445473084548,1.0987559016204327,81.89999999999999,1000
WeightedRR,42,21,21.043169262686025,1.5843622027032493,83.5,1000
WeightedRR,42,22,22.744359996574023,1.8884323343477651,79.60000000000001,1000
WeightedRR,42,23,19.414189174948717,0.5146130136570053,83.39999999999999,1000
WeightedRR,42,24,21.865087331612976,0.9470070259418609,80.5,1000
WeightedRR,42,25,24.13805053475253,6.610697569392685,83.3,1000
WeightedRR,42,26,22.698807541734862,3.8554563739665997,82.5,1000
WeightedRR,42,27,20.094655767477104,1.3448407526434136,81.10000000000001,1000
WeightedRR,42,28,19.869419430814926,0.7724060137100663,79.3,1000
WeightedRR,42,29,21.9858558149166,2.5032196219035,80.2,1000
WeightedRR,43,0,20.92921889329423,0.8774149946019153,81.6,1000
WeightedRR,43,1,21.726000114174685,2.969529920494396,85.39999999999999,1000
WeightedRR,43,2,22.00128447551286,2.221134770735688,82.39999999999999,1000
WeightedRR,43,3,19.111580580005285,0.8504677944380377,81.2,1000
WeightedRR,43,4,20.099072109427986,1.2883193461196445,85.0,1000
WeightedRR,43,5,19.175099448546142,0.6790973011091651,83.2,1000
WeightedRR,43,6,20.796670062454627,1.5053433872387463,82.6,1000
WeightedRR,43,7,21.535327729876546,2.100455618857158,83.1,1000
WeightedRR,43,8,21.988171118238554,2.3570582346889335,82.0,1000
WeightedRR,43,9,22.81295824657107,3.6678637441677187,79.60000000000001,1000
WeightedRR,43,10,22.635284094009357,2.646288122908482,81.89999999999999,1000
WeightedRR,43,11,21.312375671787755,2.903570784132056,81.2,1000
WeightedRR,43,12,21.517966113289237,1.377169338143974,81.5,1000
WeightedRR,43,13,23.68840806029114,2.612793866965805,85.9,1000
WeightedRR,43,14,21.64755660201662,2.212204799395089,80.0,1000
WeightedRR,43,15,21.312687552177266,3.5984467456097606,81.5,1000
WeightedRR,43,16,23.826990357219476,4.55983915399638,80.10000000000001,1000
WeightedRR,43,17,21.079979539357083,1.1913593172097698,80.2,1000
WeightedRR,43,18,21.101466187563936,0.788301471323158,81.69999999999999,1000
WeightedRR,43,19,20.98080347012884,1.4864209115566451,79.60000000000001,1000
WeightedRR,43,20,20.33242655213431,0.8704217001484933,80.2,1000
WeightedRR,43,21,22.974611368793123,1.6359189704493438,85.0,1000
WeightedRR,43,22,19.17126901312416,0.9463152932777973,85.3,1000
WeightedRR,43,23,20.527029272068138,1.1428928711478263,81.39999999999999,1000
WeightedRR,43,24,23.385199092468593,1.9153107281894242,83.89999999999999,1000
WeightedRR,43,25,20.322502254813372,1.5062876211474243,81.89999999999999,1000
WeightedRR,43,26,24.329958245680988,4.271915709991748,82.19999999999999,1000
WeightedRR,43,27,19.549332349597467,1.3682884668421216,80.9,1000
WeightedRR,43,28,21.777136569518063,0.8954106596082113,81.10000000000001,1000
WeightedRR,43,29,21.504602806428217,1.4337126415453874,81.8,1000
WeightedRR,44,0,31.971010961353272,6.352860790976821,79.5,1000
WeightedRR,44,1,20.637419013982516,0.5529113041340129,81.5,1000
WeightedRR,44,2,22.929083946780306,2.4881209511066285,85.1,1000
WeightedRR,44,3,21.091630613174154,7.499270679937747,83.48348348348348,999
WeightedRR,44,4,22.63013296838867,1.6890224870198567,82.39999999999999,1000
WeightedRR,44,5,21.478384725023645,2.757324792369492,81.5,1000
WeightedRR,44,6,21.42134783100528,7.511579769916451,80.08008008008008,999
WeightedRR,44,7,22.06091804016261,3.4668470262968913,83.6,1000
WeightedRR,44,8,22.962308886503088,2.2647902763236676,82.8,1000
WeightedRR,44,9,22.459868417744918,2.6431815164599275,82.89999999999999,1000
WeightedRR,44,10,21.481982208901464,0.9602120049711624,82.5,1000
WeightedRR,44,11,21.107104745531217,2.913062966589416,83.2,1000
WeightedRR,44,12,20.113445342235952,1.3425190622302978,82.89999999999999,1000
WeightedRR,44,13,24.287237628088672,3.6216607338794424,81.69999999999999,1000
WeightedRR,44,14,22.175929216172797,1.2496655894941884,81.2,1000
WeightedRR,44,15,24.505707362342836,3.9267251336104647,83.6,1000
WeightedRR,44,16,23.840506946552313,3.283017080484534,81.2,1000
WeightedRR,44,17,20.787261586612935,0.883049789855627,83.2,1000
WeightedRR,44,18,23.125698167066865,2.8626814617709577,82.6,1000
WeightedRR,44,19,19.93825188569495,0.9373965151869802,80.80000000000001,1000
WeightedRR,44,20,20.2913692214311,0.8496415384117137,81.3,1000
WeightedRR,44,21,21.188465981512046,7.494902967526949,83.18318318318319,999
WeightedRR,44,22,21.428502916319566,3.892285543324657,81.10000000000001,1000
WeightedRR,44,23,20.867507502858345,7.5013296578805875,80.48048048048048,999
WeightedRR,44,24,20.730522355508736,2.0013399599876904,80.30000000000001,1000
WeightedRR,44,25,21.296450989748646,1.7389366903792194,80.7,1000
WeightedRR,44,26,22.69216771634695,4.310945025807003,83.1,1000
WeightedRR,44,27,20.634450512143037,1.042754886777394,83.7,1000
WeightedRR,44,28,20.623992440341315,1.1888485437758278,82.5,1000
WeightedRR,44,29,19.61898948905121,0.8701752038787641,81.0,1000
WeightedRR,45,0,22.466758056179845,2.3561116871997614,81.0,1000
WeightedRR,45,1,22.59757507529883,2.7896472454407806,83.0,1000
WeightedRR,45,2,22.41433798851145,1.0016272429330684,83.5,1000
WeightedRR,45,3,21.8873653909168,3.7802618092184983,81.0,1000
WeightedRR,45,4,21.475730288610155,1.882691374332443,81.39999999999999,1000
WeightedRR,45,5,19.937340207204944,0.6545701573828546,79.5,1000
WeightedRR,45,6,21.958739488697635,2.28380739717937,81.2,1000
WeightedRR,45,7,22.360020349286447,5.207481447675322,81.10000000000001,1000
WeightedRR,45,8,23.541963641621486,1.5184022610064636,79.9,1000
WeightedRR,45,9,19.009870820612154,0.6169892293811499,81.0,1000
WeightedRR,45,10,22.10153460745656,1.3702469848478105,82.19999999999999,1000
WeightedRR,45,11,20.793664254290707,1.2264519300245051,81.8,1000
WeightedRR,45,12,21.677352386773997,2.9791396026752066,80.0,1000
WeightedRR,45,13,22.357757492051576,7.572749131687549,82.58258258258259,999
WeightedRR,45,14,19.975181693798543,1.342306726986154,79.0,1000
WeightedRR,45,15,20.797040213780726,1.1565628137996302,81.39999999999999,1000
WeightedRR,45,16,20.05310588008826,0.8397828586476936,82.1,1000
WeightedRR,45,17,21.02683977937187,0.8761136467942948,80.30000000000001,1000
WeightedRR,45,18,20.128959651790552,0.8057197302486595,80.30000000000001,1000
WeightedRR,45,19,22.050329086476136,1.9985852820233736,80.7,1000
WeightedRR,45,20,21.668298565711055,0.8956280884585691,80.2,1000
WeightedRR,45,21,19.47083310049463,0.7956163087358398,80.0,1000
WeightedRR,45,22,20.288257149615994,0.7187675788144187,77.7,1000
WeightedRR,45,23,21.871594981215807,1.0027541574300765,80.4,1000
WeightedRR,45,24,25.904736029094995,5.94942177048416,80.10000000000001,1000
WeightedRR,45,25,20.608131306758274,0.7992967655804554,82.5,1000
WeightedRR,45,26,21.63825350242536,1.9872231776747007,82.3,1000
WeightedRR,45,27,23.88841074786029,4.507727814307094,81.10000000000001,1000
WeightedRR,45,28,23.032821385620974,2.223759788860807,80.80000000000001,1000
WeightedRR,45,29,21.915194149454013,3.1779665633401346,83.5,1000
WeightedRR,46,0,20.187378957568566,2.90518810252512,79.0,1000
WeightedRR,46,1,23.638544049800423,3.519855322262139,79.80000000000001,1000
WeightedRR,46,2,22.744936340879104,2.3026366015613378,78.8,1000
WeightedRR,46,3,26.517918044337666,6.508812890002277,81.39999999999999,1000
WeightedRR,46,4,21.259099991624318,1.3640757100567995,84.0,1000
WeightedRR,46,5,22.935519947337667,1.7327904766000923,81.3,1000
WeightedRR,46,6,18.96997523101938,1.0022040156354761,82.0,1000
WeightedRR,46,7,21.425785861752853,7.390549114048271,81.68168168168168,999
WeightedRR,46,8,23.626462089391644,1.6469144753621947,81.3,1000
WeightedRR,46,9,20.238999264083947,0.5796881811873853,80.9,1000
WeightedRR,46,10,22.10372615333127,1.8861125382287143,80.5,1000
WeightedRR,46,11,21.537561833711354,1.6443752939211487,81.0,1000
WeightedRR,46,12,20.729152117445818,1.589768820014277,80.60000000000001,1000
WeightedRR,46,13,21.321840950999736,0.8606580764659562,80.80000000000001,1000
WeightedRR,46,14,18.580389991524452,0.426433699050184,77.60000000000001,1000
WeightedRR,46,15,19.56690422756305,0.8436429036941882,79.5,1000
WeightedRR,46,16,27.954571502916934,7.150390293374101,79.7,1000
WeightedRR,46,17,21.215444910097865,1.0739033256898134,78.5,1000
WeightedRR,46,18,23.676461389152326,2.849851507197787,80.4,1000
WeightedRR,46,19,20.62668767283982,1.7288154614559488,79.2,1000
WeightedRR,46,20,22.516067078891933,1.5567753164635911,79.7,1000
WeightedRR,46,21,25.500405437735694,6.622791008807932,81.10000000000001,1000
WeightedRR,46,22,23.202958264608718,3.554121305379241,80.7,1000
WeightedRR,46,23,23.550522483929463,2.964124142144623,82.19999999999999,1000
WeightedRR,46,24,20.751708311825343,1.475044383820488,83.0,1000
WeightedRR,46,25,22.74386232379491,3.81242749759018,80.5,1000
WeightedRR,46,26,22.407853888765185,7.388935513665031,80.68068068068068,999
WeightedRR,46,27,22.597196287630755,1.9520051505439409,78.10000000000001,1000
WeightedRR,46,28,24.382940371039506,2.451150211442364,81.6,1000
WeightedRR,46,29,19.995928006357886,0.650125769807345,84.5,1000
PriorityMinMin,42,0,20.944522970564787,1.0198354911471224,86.2,1000
PriorityMinMin,42,1,20.044992610225954,1.0046905881865345,85.1,1000
PriorityMinMin,42,2,19.374879697623545,1.1272781729554553,83.0,1000
PriorityMinMin,42,3,21.237076272695834,0.705360288416474,82.8,1000
PriorityMinMin,42,4,20.658950708320234,0.769708925167206,82.8,1000
PriorityMinMin,42,5,21.85224747013878,2.580324025220602,85.1,1000
PriorityMinMin,42,6,20.81241735981602,0.9482435518720623,82.3,1000
PriorityMinMin,42,7,23.364153747577873,2.9500348860909322,84.39999999999999,1000
PriorityMinMin,42,8,23.196461629113934,4.285658301876028,85.6,1000
PriorityMinMin,42,9,21.22885370766983,3.4641768105775013,83.1,1000
PriorityMinMin,42,10,22.107456877191005,1.3931820249871987,83.39999999999999,1000
PriorityMinMin,42,11,20.721957264593065,0.980799192548977,83.0,1000
PriorityMinMin,42,12,20.984530338823973,0.8325980214433913,83.6,1000
PriorityMinMin,42,13,20.09543137284386,0.8251796961542227,83.39999999999999,1000
PriorityMinMin,42,14,21.230371535636866,2.5029324635189023,85.6,1000
PriorityMinMin,42,15,21.62239031766299,1.0002118657373682,83.39999999999999,1000
PriorityMinMin,42,16,20.109426508698494,0.9781682362921323,84.1,1000
PriorityMinMin,42,17,21.632567316893198,1.3918297683835181,83.7,1000
PriorityMinMin,42,18,22.90521864938277,1.5829170897691607,84.8,1000
PriorityMinMin,42,19,18.934211409777586,0.7040497150253453,85.2,1000
PriorityMinMin,42,20,22.47445473084548,1.5929402812944464,84.5,1000
PriorityMinMin,42,21,21.058169262686025,1.1505017749965423,85.7,1000
PriorityMinMin,42,22,22.159359996574022,1.7011902164186896,83.8,1000
PriorityMinMin,42,23,19.81418917494872,0.7310163639195729,86.1,1000
PriorityMinMin,42,24,23.350087331612976,1.8154986135747664,81.3,1000
PriorityMinMin,42,25,23.59305053475253,4.442678995093423,84.6,1000
PriorityMinMin,42,26,22.723807541734864,5.252372742009781,83.8,1000
PriorityMinMin,42,27,19.899655767477103,0.6997998016674757,85.39999999999999,1000
PriorityMinMin,42,28,19.24941943081493,0.5229505211746087,84.2,1000
PriorityMinMin,42,29,20.13001826152739,7.49403129642,81.98198198198197,999
PriorityMinMin,43,0,21.07921889329423,0.9584828227775798,84.8,1000
PriorityMinMin,43,1,21.756000114174682,1.4577950917241502,82.19999999999999,1000
PriorityMinMin,43,2,25.326284475512864,6.4676510827475395,84.39999999999999,1000
PriorityMinMin,43,3,23.851580580005283,5.646022506508772,84.0,1000
PriorityMinMin,43,4,22.114072109427987,1.9565180302307408,85.3,1000
PriorityMinMin,43,5,20.365099448546143,1.01889569760443,82.69999999999999,1000
PriorityMinMin,43,6,20.741670062454627,1.407678225397156,84.5,1000
PriorityMinMin,43,7,20.859548520358544,7.4393968576135805,84.78478478478479,999
PriorityMinMin,43,8,23.288171118238555,3.2789148231236167,85.8,1000
PriorityMinMin,43,9,22.14795824657107,1.9329888827026278,81.8,1000
PriorityMinMin,43,10,21.550284094009353,2.6421990703324636,85.0,1000
PriorityMinMin,43,11,20.352375671787755,1.126831409543877,84.3,1000
PriorityMinMin,43,12,22.332966113289235,2.3408442493954884,81.39999999999999,1000
PriorityMinMin,43,13,26.323408060291143,3.3866891443591673,86.3,1000
PriorityMinMin,43,14,19.93255660201662,0.7724303291321951,84.89999999999999,1000
PriorityMinMin,43,15,22.65768755217727,6.671368268131638,86.1,1000
PriorityMinMin,43,16,21.926990357219477,1.2466637357762644,84.1,1000
PriorityMinMin,43,17,21.27997953935708,2.3383843434439795,83.5,1000
PriorityMinMin,43,18,20.60146618756394,0.7864517116710492,82.89999999999999,1000
PriorityMinMin,43,19,22.135803470128845,2.1193657384176166,82.1,1000
PriorityMinMin,43,20,22.82242655213431,2.272477825771036,82.8,1000
PriorityMinMin,43,21,24.45461136879312,2.407577698653705,84.39999999999999,1000
PriorityMinMin,43,22,20.551269013124163,1.0167961014726223,85.9,1000
PriorityMinMin,43,23,20.737029272068142,1.4069193265070472,82.69999999999999,1000
PriorityMinMin,43,24,23.78343174572502,7.458026582402606,86.78678678678679,999
PriorityMinMin,43,25,20.68750225481337,1.6460824381047017,86.0,1000
PriorityMinMin,43,26,21.409958245680986,1.8596713321512928,85.7,1000
PriorityMinMin,43,27,20.25933234959746,1.2009415417962892,85.9,1000
PriorityMinMin,43,28,23.132136569518064,2.136385510250351,83.6,1000
PriorityMinMin,43,29,22.889602806428215,1.3157966448578118,84.5,1000
PriorityMinMin,44,0,29.031010961353278,6.367517456383377,82.3,1000
PriorityMinMin,44,1,21.337419013982515,1.0468652540324352,84.2,1000
PriorityMinMin,44,2,24.579083946780305,3.9138686600492374,85.39999999999999,1000
PriorityMinMin,44,3,24.900784470005007,5.5883096858989205,84.8,1000
PriorityMinMin,44,4,23.280132968388674,1.8561318836035285,84.5,1000
PriorityMinMin,44,5,21.623384725023648,2.8690321449788008,84.0,1000
PriorityMinMin,44,6,20.10002650968396,7.513487454419692,83.88388388388388,999
PriorityMinMin,44,7,21.735918040162606,1.4516671453540706,84.5,1000
PriorityMinMin,44,8,25.452308886503086,6.6735860574108194,84.1,1000
PriorityMinMin,44,9,23.599868417744926,2.943974375854292,83.8,1000
PriorityMinMin,44,10,21.746982208901464,0.9112270548589478,85.1,1000
PriorityMinMin,44,11,23.357104745531213,3.8591590672642058,83.39999999999999,1000
PriorityMinMin,44,12,23.28344534223595,4.512653419807189,85.0,1000
PriorityMinMin,44,13,25.35723762808867,3.6288788618587686,85.0,1000
PriorityMinMin,44,14,22.760929216172794,1.3227647344271651,82.89999999999999,1000
PriorityMinMin,44,15,26.820707362342837,3.3510446913790584,83.39999999999999,1000
PriorityMinMin,44,16,22.86002621827522,7.513021080317817,83.38338338338338,999
PriorityMinMin,44,17,20.982261586612935,0.8873135508057706,86.4,1000
PriorityMinMin,44,18,24.73569816706686,4.189512211774225,84.1,1000
PriorityMinMin,44,19,22.11325188569495,2.3324104711391316,83.6,1000
PriorityMinMin,44,20,20.2763692214311,0.6422220079294395,83.89999999999999,1000
PriorityMinMin,44,21,22.16944696249303,7.503754660566183,83.08308308308308,999
PriorityMinMin,44,22,19.628502916319565,0.7628307863495234,84.89999999999999,1000
PriorityMinMin,44,23,21.69115245113086,2.793395200130357,85.2,1000
PriorityMinMin,44,24,21.375522355508735,1.2886509086758173,83.7,1000
PriorityMinMin,44,25,20.196450989748648,1.001801808634459,84.6,1000
PriorityMinMin,44,26,23.067167716346955,4.614372799991614,82.5,1000
PriorityMinMin,44,27,22.82445051214304,3.2507124032597448,83.3,1000
PriorityMinMin,44,28,20.618992440341312,0.8782218251270459,83.89999999999999,1000
PriorityMinMin,44,29,19.868989489051216,0.911003433784187,83.5,1000
PriorityMinMin,45,0,21.206758056179847,1.4944057941899778,82.6,1000
PriorityMinMin,45,1,22.069064443150772,7.631233527928341,82.68268268268268,999
PriorityMinMin,45,2,26.389337988511453,4.1691957491320855,85.2,1000
PriorityMinMin,45,3,22.6323653909168,5.020069824767075,82.1,1000
PriorityMinMin,45,4,21.34073028861015,2.0191533757993487,84.6,1000
PriorityMinMin,45,5,20.657340207204943,0.8753261942836228,81.5,1000
PriorityMinMin,45,6,23.093739488697633,2.6428352292097226,82.6,1000
PriorityMinMin,45,7,22.940020349286446,5.545534971422444,84.2,1000
PriorityMinMin,45,8,25.396963641621486,3.624618881339371,82.89999999999999,1000
PriorityMinMin,45,9,20.764870820612153,0.8189167160955625,82.69999999999999,1000
PriorityMinMin,45,10,22.87653460745656,2.021498129181888,84.6,1000
PriorityMinMin,45,11,21.81366425429071,1.263221314410023,84.0,1000
PriorityMinMin,45,12,21.327352386773992,2.1357128457416272,83.8,1000
PriorityMinMin,45,13,25.365120749491012,7.590408219298201,84.28428428428428,999
PriorityMinMin,45,14,20.050181693798542,0.8255485368146543,83.7,1000
PriorityMinMin,45,15,21.607040213780724,1.2698694529487107,82.19999999999999,1000
PriorityMinMin,45,16,20.793105880088262,2.7807997986213198,83.8,1000
PriorityMinMin,45,17,22.786839779371867,2.3924027530392005,84.2,1000
PriorityMinMin,45,18,22.498959651790557,1.5375003183012865,83.6,1000
PriorityMinMin,45,19,20.92032908647614,0.8487774892783189,85.9,1000
PriorityMinMin,45,20,21.708298565711058,0.9844829069962387,83.0,1000
PriorityMinMin,45,21,20.52583310049463,3.9381493632856968,85.5,1000
PriorityMinMin,45,22,20.158257149615995,1.6491645634755234,83.8,1000
PriorityMinMin,45,23,21.291594981215805,1.8069939826178356,83.6,1000
PriorityMinMin,45,24,24.499736029094993,5.949608295394084,82.69999999999999,1000
PriorityMinMin,45,25,20.988131306758273,1.1750455189835733,83.89999999999999,1000
PriorityMinMin,45,26,22.138253502425357,1.1517168125321031,84.2,1000
PriorityMinMin,45,27,24.38341074786029,4.872662146736727,81.3,1000
PriorityMinMin,45,28,21.985197319300944,7.575313718707468,82.78278278278279,999
PriorityMinMin,45,29,21.920194149454016,2.4063649723775318,84.89999999999999,1000
PriorityMinMin,46,0,19.812378957568562,1.9822097811663202,83.8,1000
PriorityMinMin,46,1,23.618544049800423,3.0664259106531078,82.19999999999999,1000
PriorityMinMin,46,2,22.909936340879106,1.9463080011373424,82.69999999999999,1000
PriorityMinMin,46,3,24.46791804433767,1.944449075652842,84.2,1000
PriorityMinMin,46,4,22.179099991624312,1.852288637650074,83.5,1000
PriorityMinMin,46,5,23.130519947337664,2.0852261346697785,84.2,1000
PriorityMinMin,46,6,20.03497523101938,1.1382499424548558,84.2,1000
PriorityMinMin,46,7,23.01237244833944,7.398642076230035,87.4874874874875,999
PriorityMinMin,46,8,25.216462089391644,2.592307353788362,82.6,1000
PriorityMinMin,46,9,21.363999264083947,1.005304250988897,83.7,1000
PriorityMinMin,46,10,21.77872615333127,2.2654024761956464,85.0,1000
PriorityMinMin,46,11,22.592561833711354,1.6469529500684543,82.39999999999999,1000
PriorityMinMin,46,12,21.174152117445818,1.0995571961837245,83.39999999999999,1000
PriorityMinMin,46,13,22.671840950999737,1.2969334299195452,84.5,1000
PriorityMinMin,46,14,18.39038999152445,0.34517538608355497,82.3,1000
PriorityMinMin,46,15,20.31690422756305,1.7812321913642957,84.1,1000
PriorityMinMin,46,16,24.184571502916935,4.800356139340826,85.9,1000
PriorityMinMin,46,17,21.05544491009787,0.7024037413688983,82.39999999999999,1000
PriorityMinMin,46,18,25.276461389152328,3.846597262393737,83.89999999999999,1000
PriorityMinMin,46,19,21.091687672839818,1.3724806760575945,85.2,1000
PriorityMinMin,46,20,22.84106707889194,1.7158610402607757,81.2,1000
PriorityMinMin,46,21,20.93926643683764,7.389248225524914,83.78378378378379,999
PriorityMinMin,46,22,23.66295826460872,3.810587910420261,83.6,1000
PriorityMinMin,46,23,22.375522483929466,2.2508771254604585,84.8,1000
PriorityMinMin,46,24,22.401708311825338,1.6152312592342932,84.89999999999999,1000
PriorityMinMin,46,25,23.56386232379491,3.81680900805114,83.2,1000
PriorityMinMin,46,26,23.298744779656076,7.388145496912066,84.78478478478479,999
PriorityMinMin,46,27,22.55719628763076,2.0932967633997417,84.89999999999999,1000
PriorityMinMin,46,28,25.747940371039505,3.877494052575767,85.6,1000
PriorityMinMin,46,29,20.110928006357884,0.6703160957379296,84.39999999999999,1000
PCH,42,0,20.60952297056479,0.6910434244859335,88.8,1000
PCH,42,1,20.424992610225956,1.1694299123046161,86.8,1000
PCH,42,2,19.354879697623545,1.2703195498656963,86.4,1000
PCH,42,3,20.712076272695832,0.9452551004286942,86.0,1000
PCH,42,4,20.708950708320234,1.0732756617953574,85.3,1000
PCH,42,5,21.25724747013878,2.351528828368472,86.5,1000
PCH,42,6,21.10741735981602,0.9961589463348114,85.6,1000
PCH,42,7,22.289153747577874,2.732603313492808,83.8,1000
PCH,42,8,21.911461629113933,2.3399969880163747,87.4,1000
PCH,42,9,21.423853707669828,3.4655795878125004,88.2,1000
PCH,42,10,20.532456877191006,1.0569330104322203,85.8,1000
PCH,42,11,21.376957264593063,1.5779342238817178,85.7,1000
PCH,42,12,22.379530338823972,0.938666047439131,83.7,1000
PCH,42,13,20.965431372843856,1.405806694057907,84.6,1000
PCH,42,14,22.290371535636865,3.690570615074401,88.0,1000
PCH,42,15,21.35239031766299,1.7967116268996712,85.5,1000
PCH,42,16,20.37442650869849,1.0284512280956566,85.1,1000
PCH,42,17,22.472567316893198,1.5153523997404716,85.6,1000
PCH,42,18,23.535218649382774,1.9199810591243425,86.5,1000
PCH,42,19,18.754211409777586,0.5185264000670033,84.7,1000
PCH,42,20,22.10445473084548,1.4999058011582256,87.2,1000
PCH,42,21,20.963169262686023,1.8297247887599986,87.1,1000
PCH,42,22,21.664359996574024,1.4446079803084957,85.3,1000
PCH,42,23,20.47418917494872,0.6793683779933081,86.6,1000
PCH,42,24,21.955087331612972,0.7328109356622204,82.5,1000
PCH,42,25,23.863050534752524,4.106128746036579,87.1,1000
PCH,42,26,22.013807541734863,2.683663844834759,87.1,1000
PCH,42,27,20.12465576747711,0.7791702175922643,88.2,1000
PCH,42,28,20.73941943081493,2.4727256605250902,86.5,1000
PCH,42,29,22.590855814916598,2.3417946444738655,85.9,1000
PCH,43,0,22.01921889329423,2.7666848612933674,87.0,1000
PCH,43,1,21.59100011417468,0.9122987615531875,83.39999999999999,1000
PCH,43,2,23.661284475512865,2.4877297641732703,85.8,1000
PCH,43,3,22.01158058000528,3.7844561967149057,84.1,1000
PCH,43,4,22.154072109427993,1.4414451323383795,85.7,1000
PCH,43,5,19.620099448546142,0.6112475803663753,85.9,1000
PCH,43,6,21.601670062454623,1.7151187775760122,87.3,1000
PCH,43,7,22.260327729876547,1.8312798829831893,86.0,1000
PCH,43,8,21.27719162590986,7.441439877382798,85.98598598598599,999
PCH,43,9,21.52295824657107,1.4044163221756454,85.1,1000
PCH,43,10,22.34843801317191,7.437645806312497,83.28328328328328,999
PCH,43,11,20.642375671787757,1.5124002520271322,86.2,1000
PCH,43,12,21.307966113289236,0.7352407786313919,81.39999999999999,1000
PCH,43,13,23.433408060291143,2.610684834222993,88.7,1000
PCH,43,14,21.392556602016622,1.9085462247439278,85.0,1000
PCH,43,15,19.6692838931771,7.421875451102915,87.08708708708708,999
PCH,43,16,22.34699035721948,1.5195252256714726,83.5,1000
PCH,43,17,22.689979539357083,3.996952330041216,83.6,1000
PCH,43,18,21.821466187563935,1.3951727106733505,86.8,1000
PCH,43,19,22.400803470128842,3.7996456912909045,84.39999999999999,1000
PCH,43,20,21.95742655213431,1.9244005455759334,86.0,1000
PCH,43,21,24.29461136879312,1.8284715897253625,84.89999999999999,1000
PCH,43,22,23.426269013124163,5.080220169894113,87.7,1000
PCH,43,23,19.677029272068143,0.7549074040303183,84.5,1000
PCH,43,24,24.310199092468597,2.4153119422016776,88.0,1000
PCH,43,25,20.99250225481337,1.6425953316754163,85.8,1000
PCH,43,26,22.47436380223521,7.419062960398186,86.58658658658659,999
PCH,43,27,21.209332349597467,1.5788219304726159,86.6,1000
PCH,43,28,23.62713656951806,1.5368278430647035,84.7,1000
PCH,43,29,21.529602806428215,0.9037679500668574,87.5,1000
PCH,44,0,27.836010961353278,7.496001094496458,86.4,1000
PCH,44,1,21.30741901398251,0.7391574518875449,87.7,1000
PCH,44,2,24.449083946780306,3.776900565121072,87.0,1000
PCH,44,3,24.170784470005003,5.582255964571619,87.2,1000
PCH,44,4,21.138341427761222,7.499212520550788,87.28728728728728,999
PCH,44,5,21.983384725023647,4.250431747224392,86.1,1000
PCH,44,6,19.139065548723,7.503813843490615,85.58558558558559,999
PCH,44,7,22.79091804016261,2.79277944337918,85.39999999999999,1000
PCH,44,8,23.36730888650309,2.0693523515269274,86.8,1000
PCH,44,9,22.06486841774492,1.8689556843460975,85.6,1000
PCH,44,10,21.706982208901465,1.1265392943755574,85.7,1000
PCH,44,11,21.26210474553122,2.909798410832079,86.8,1000
PCH,44,12,20.933445342235952,1.1940473059934145,87.8,1000
PCH,44,13,23.98723762808867,1.6919400593053886,84.89999999999999,1000
PCH,44,14,22.600929216172794,1.3644029918993095,85.8,1000
PCH,44,15,25.535707362342837,3.7951067531409315,84.5,1000
PCH,44,16,25.730506946552318,6.44635155248149,83.3,1000
PCH,44,17,20.812261586612934,1.35646596573929,88.1,1000
PCH,44,18,22.289553007596773,7.518064343825588,85.28528528528528,999
PCH,44,19,21.03325188569495,1.244755905647621,85.1,1000
PCH,44,20,19.8763692214311,0.6703775975128227,87.0,1000
PCH,44,21,22.079356872402943,7.500634691005555,85.28528528528528,999
PCH,44,22,19.908502916319566,1.0397527152343937,88.5,1000
PCH,44,23,22.86615245113086,5.46957431945253,85.8,1000
PCH,44,24,21.340522355508735,1.6905609964762123,86.5,1000
PCH,44,25,20.256450989748647,1.0108876347259237,87.8,1000
PCH,44,26,21.877167716346953,2.4468265971334335,84.1,1000
PCH,44,27,21.294450512143037,2.3551991598530964,84.3,1000
PCH,44,28,20.72899244034131,0.7809174337846296,85.8,1000
PCH,44,29,21.623989489051212,2.9803479248391325,84.2,1000
PCH,45,0,21.961758056179846,0.9040907745709742,84.3,1000
PCH,45,1,23.36757507529883,2.9003980073886484,84.7,1000
PCH,45,2,24.31933798851145,2.896712030148474,87.5,1000
PCH,45,3,20.537365390916797,1.2679986775810699,82.69999999999999,1000
PCH,45,4,21.79573028861015,2.0197009318272,85.5,1000
PCH,45,5,20.207340207204943,0.8103252480179185,82.19999999999999,1000
PCH,45,6,21.983739488697637,1.1695104291921827,85.6,1000
PCH,45,7,24.165020349286447,5.936899748384181,86.4,1000
PCH,45,8,24.186963641621485,2.4547753059875728,86.1,1000
PCH,45,9,20.659870820612152,0.9736762265639931,84.39999999999999,1000
PCH,45,10,22.61653460745656,1.9569054792280938,86.6,1000
PCH,45,11,21.003664254290708,0.9129793596412531,86.6,1000
PCH,45,12,20.467352386773992,1.9423261668914373,85.3,1000
PCH,45,13,22.831255047455837,2.8811785948122415,87.7,1000
PCH,45,14,20.155181693798543,1.1034395146831422,84.3,1000
PCH,45,15,23.172040213780722,4.468430677962211,84.0,1000
PCH,45,16,21.068105880088265,1.8833603860161334,86.3,1000
PCH,45,17,22.00683977937187,2.063886765882395,86.7,1000
PCH,45,18,22.23395965179056,1.8933808408938761,84.5,1000
PCH,45,19,20.510329086476137,0.787018856669389,86.3,1000
PCH,45,20,22.158298565711053,1.852596881494294,85.9,1000
PCH,45,21,19.72083310049463,1.2384836703817992,87.4,1000
PCH,45,22,20.088257149615995,1.1108819787729909,85.2,1000
PCH,45,23,24.246594981215807,2.7884157798542826,86.9,1000
PCH,45,24,23.069736029094997,3.166140139494497,85.0,1000
PCH,45,25,20.443131306758275,1.2948593872458598,87.0,1000
PCH,45,26,23.44325350242536,3.888768006897714,86.2,1000
PCH,45,27,22.360554717648718,7.5620295386253,82.48248248248248,999
PCH,45,28,21.925137259240888,7.573418648874468,83.18318318318319,999
PCH,45,29,20.168617418039396,7.562980989440617,87.28728728728728,999
PCH,46,0,21.192378957568557,2.1466012025540286,86.2,1000
PCH,46,1,22.993544049800423,1.5958938916332013,83.3,1000
PCH,46,2,24.179936340879106,2.9188270923871538,85.39999999999999,1000
PCH,46,3,24.26791804433767,1.7382387109653603,85.9,1000
PCH,46,4,22.589099991624312,1.7866837790035015,84.89999999999999,1000
PCH,46,5,22.23551994733767,1.1554780207672994,85.2,1000
PCH,46,6,20.37997523101938,1.0044121028083144,84.89999999999999,1000
PCH,46,7,21.370730806697804,7.3827443782770805,88.68868868868869,999
PCH,46,8,24.05646208939164,2.404859106417635,83.7,1000
PCH,46,9,22.448999264083948,1.4127992966557112,83.8,1000
PCH,46,10,22.008726153331267,2.806749649842201,87.2,1000
PCH,46,11,24.51256183371136,6.725660996124627,83.0,1000
PCH,46,12,21.52915211744582,1.0783016506069716,84.8,1000
PCH,46,13,22.416840950999735,1.5174136886767502,87.2,1000
PCH,46,14,19.395389991524453,0.6894163084448829,83.5,1000
PCH,46,15,19.686904227563048,1.7810741463486677,85.39999999999999,1000
PCH,46,16,23.806580472269697,7.397895468964236,86.58658658658659,999
PCH,46,17,22.110444910097865,1.0156677017766043,85.3,1000
PCH,46,18,24.02646138915233,3.0448053006692724,85.39999999999999,1000
PCH,46,19,20.91168767283982,1.2479358306754351,85.9,1000
PCH,46,20,22.846067078891938,1.03081313873909,84.0,1000
PCH,46,21,22.915405437735693,5.30882686627549,86.3,1000
PCH,46,22,23.037958264608722,1.856298633879683,85.5,1000
PCH,46,23,22.595522483929464,1.8545153290628207,85.9,1000
PCH,46,24,20.761708311825345,0.6463619288267018,87.0,1000
PCH,46,25,22.673862323794914,3.8072334480098955,86.0,1000
PCH,46,26,23.74919523010653,7.394504277233075,83.68368368368368,999
PCH,46,27,23.672196287630754,1.95528586833394,85.5,1000
PCH,46,28,25.302940371039508,3.5412349480781873,86.0,1000
PCH,46,29,19.60592800635789,0.8788536049112821,87.8,1000
PPO,42,0,21.094522970564796,1.4344315367488942,84.6,1000
PPO,42,1,21.569992610225952,2.783451167781837,86.1,1000
PPO,42,2,19.624879697623545,1.3448509935028827,84.8,1000
PPO,42,3,21.82207627269583,0.7957176355584599,83.1,1000
PPO,42,4,22.158950708320234,1.3044508499213106,80.5,1000
PPO,42,5,21.542247470138783,1.1256660143771324,82.69999999999999,1000
PPO,42,6,20.59741735981602,1.3445602613704601,82.5,1000
PPO,42,7,23.704153747577877,2.9714222554695704,82.89999999999999,1000
PPO,42,8,21.36646162911393,2.2675743548718947,85.0,1000
PPO,42,9,22.198853707669826,3.2448914901630275,83.0,1000
PPO,42,10,20.902456877191003,0.7091498320878623,81.3,1000
PPO,42,11,21.05695726459306,0.8791206627572374,82.1,1000
PPO,42,12,22.719530338823976,1.3587092717826295,82.6,1000
PPO,42,13,21.145431372843856,1.50601041169705,83.8,1000
PPO,42,14,22.73037153563687,3.7104263473393044,84.5,1000
PPO,42,15,21.45739031766299,0.9470619012215015,83.5,1000
PPO,42,16,21.034426508698495,1.1844835285006285,85.1,1000
PPO,42,17,22.0925673168932,2.9076213888361284,84.89999999999999,1000
PPO,42,18,24.21021864938277,1.35946636694781,84.39999999999999,1000
PPO,42,19,20.204211409777585,2.521081489344836,82.6,1000
PPO,42,20,22.33445473084548,1.3849119739561835,85.6,1000
PPO,42,21,21.403169262686024,1.6249962794357147,84.1,1000
PPO,42,22,22.55935999657402,1.343954041871976,81.69999999999999,1000
PPO,42,23,19.47918917494872,0.6769957938503917,83.2,1000
PPO,42,24,22.405087331612975,1.5959246906624502,83.3,1000
PPO,42,25,24.793050534752528,6.618811325761755,84.1,1000
PPO,42,26,22.15880754173486,2.8449512249223985,86.6,1000
PPO,42,27,20.594655767477104,0.9474116536140744,85.2,1000
PPO,42,28,19.679419430814928,0.6509701763507935,86.7,1000
PPO,42,29,24.6858558149166,4.91684611195367,83.2,1000
PPO,43,0,21.85921889329423,2.2802117409993037,86.5,1000
PPO,43,1,21.92100011417468,1.3498708935065606,84.6,1000
PPO,43,2,23.23128447551286,1.3272243902066065,84.6,1000
PPO,43,3,20.28158058000528,1.4728688602455335,85.8,1000
PPO,43,4,21.294072109427987,0.8103855917700293,86.3,1000
PPO,43,5,20.16009944854614,0.9355115212171725,83.7,1000
PPO,43,6,23.346670062454628,2.733340542964321,86.0,1000
PPO,43,7,20.799488460298484,7.437108252192533,84.88488488488488,999
PPO,43,8,24.48817111823855,4.638990303975687,82.39999999999999,1000
PPO,43,9,21.79795824657107,2.1131182354239177,86.7,1000
PPO,43,10,21.34528409400935,2.173822388113815,86.3,1000
PPO,43,11,20.98737567178776,1.3188785877470797,84.8,1000
PPO,43,12,22.107966113289237,0.7871183870491788,84.8,1000
PPO,43,13,23.308408060291143,2.6122584222722804,89.0,1000
PPO,43,14,19.552556602016622,1.0656082897984749,88.3,1000
PPO,43,15,20.735349959243166,7.424340024722624,84.08408408408408,999
PPO,43,16,21.111990357219476,1.3747878147524322,84.6,1000
PPO,43,17,22.039979539357077,2.196575606136676,82.6,1000
PPO,43,18,21.236466187563934,1.4878144974614111,86.6,1000
PPO,43,19,21.720803470128843,2.557313666236368,83.6,1000
PPO,43,20,21.50242655213431,2.8073404966684934,85.8,1000
PPO,43,21,24.81461136879312,2.2091661301566594,83.8,1000
PPO,43,22,21.06126901312416,2.0492651438035665,86.4,1000
PPO,43,23,20.39202927206814,1.2368328521397833,83.89999999999999,1000
PPO,43,24,23.290199092468598,1.4691636474468703,86.7,1000
PPO,43,25,21.797502254813374,1.061211908415412,84.6,1000
PPO,43,26,23.14995824568099,4.264686677183801,83.89999999999999,1000
PPO,43,27,19.079332349597465,0.7618889521261804,85.39999999999999,1000
PPO,43,28,22.552136569518062,1.0724669945527248,86.2,1000
PPO,43,29,21.819602806428215,0.9873574452535041,86.3,1000
PPO,44,0,28.871010961353278,5.787415832144388,84.3,1000
PPO,44,1,22.677419013982515,1.2543344724685725,84.89999999999999,1000
PPO,44,2,23.734083946780302,2.0904692501272506,83.0,1000
PPO,44,3,20.94648546802901,7.498181693355782,83.88388388388388,999
PPO,44,4,23.75095404037383,7.529714598079106,85.18518518518519,999
PPO,44,5,23.433384725023647,5.2143394549901245,86.0,1000
PPO,44,6,18.703630113287566,7.503400536487718,86.68668668668668,999
PPO,44,7,22.640918040162607,4.582111177402078,85.1,1000
PPO,44,8,26.627308886503087,6.688959998030385,86.0,1000
PPO,44,9,23.22986841774492,1.6259523603518165,86.4,1000
PPO,44,10,22.801982208901464,1.250500829813367,86.4,1000
PPO,44,11,21.067104745531218,1.7581807046268003,85.6,1000
PPO,44,12,20.15344534223595,1.2119198569973642,86.2,1000
PPO,44,13,24.622237628088673,2.7564794415873415,84.2,1000
PPO,44,14,22.495929216172797,1.4492417604023013,84.7,1000
PPO,44,15,26.550707362342838,4.379400187445296,86.3,1000
PPO,44,16,22.7399060981551,7.522711139250897,84.88488488488488,999
PPO,44,17,21.212261586612936,1.3567812541231792,88.5,1000
PPO,44,18,23.895698167066865,3.1632048027244797,85.3,1000
PPO,44,19,20.03825188569495,1.0796312668084886,85.0,1000
PPO,44,20,20.816369221431106,0.9345353047856433,86.4,1000
PPO,44,21,23.487904399937655,5.640722140575357,87.6,1000
PPO,44,22,19.978502916319567,0.9431859999859304,88.0,1000
PPO,44,23,23.72615245113086,6.710669124563096,87.3,1000
PPO,44,24,19.205522355508737,0.6895161380496079,85.8,1000
PPO,44,25,21.881450989748647,1.6138618822222615,85.3,1000
PPO,44,26,22.67216771634695,4.6149159224144904,85.7,1000
PPO,44,27,21.234450512143038,2.582285819623764,85.7,1000
PPO,44,28,20.288992440341314,1.3995317489215573,87.0,1000
PPO,44,29,19.548989489051216,1.062248842757665,84.7,1000
PPO,45,0,22.916758056179845,1.500742299731686,79.80000000000001,1000
PPO,45,1,24.281276655362987,7.633788571183313,80.58058058058059,999
PPO,45,2,25.76933798851145,4.987705784772065,81.69999999999999,1000
PPO,45,3,24.967365390916797,5.9680740223923,79.4,1000
PPO,45,4,24.775730288610152,6.80204271640938,79.7,1000
PPO,45,5,20.202340207204944,0.9054768388274728,79.4,1000
PPO,45,6,22.008739488697632,2.6364126594106407,81.0,1000
PPO,45,7,21.23147378768158,7.583964032146704,81.98198198198197,999
PPO,45,8,25.856963641621483,3.1254052888222152,79.9,1000
PPO,45,9,21.48987082061215,1.522318521074558,78.0,1000
PPO,45,10,22.17653460745656,2.4231693454397147,83.8,1000
PPO,45,11,22.78366425429071,1.6426412602231393,81.2,1000
PPO,45,12,21.122352386773994,2.2570619171841364,80.4,1000
PPO,45,13,22.701255047455835,2.530470136229664,83.0,1000
PPO,45,14,20.740181693798544,1.2200318474737988,81.2,1000
PPO,45,15,21.327040213780727,1.3402489117903655,78.7,1000
PPO,45,16,21.378105880088263,0.9275431326143518,82.5,1000
PPO,45,17,21.07183977937186,0.8765015432852062,82.19999999999999,1000
PPO,45,18,22.54395965179055,2.416022654108459,82.69999999999999,1000
PPO,45,19,22.270329086476135,2.5142736798408776,81.8,1000
PPO,45,20,23.648298565711055,4.6434012047525774,81.5,1000
PPO,45,21,19.96583310049463,1.5319775094830108,81.3,1000
PPO,45,22,20.568257149615995,1.6533130214055658,82.39999999999999,1000
PPO,45,23,22.356594981215807,1.4895042117023927,80.60000000000001,1000
PPO,45,24,25.364736029094995,4.859745829448638,82.89999999999999,1000
PPO,45,25,21.988131306758273,1.3947455722220596,82.19999999999999,1000
PPO,45,26,23.248253502425353,3.619298017831399,80.5,1000
PPO,45,27,22.765960123054118,7.562717032070421,80.48048048048048,999
PPO,45,28,24.907821385620974,7.4687945576790336,80.80000000000001,1000
PPO,45,29,20.89019414945401,0.8180478582770903,82.89999999999999,1000
PPO,46,0,20.17237895756856,1.710855520598329,85.1,1000
PPO,46,1,24.588544049800426,5.029635876539516,82.1,1000
PPO,46,2,23.339936340879103,1.939387213720321,81.8,1000
PPO,46,3,25.882918044337668,2.9773271696227517,84.0,1000
PPO,46,4,22.349099991624318,1.3083849301326576,81.5,1000
PPO,46,5,22.425519947337662,1.2174252130911754,81.6,1000
PPO,46,6,20.18497523101938,0.7639063810344116,83.3,1000
PPO,46,7,21.876236312203307,7.385873897977668,84.78478478478479,999
PPO,46,8,24.12646208939164,1.6385736998886642,83.0,1000
PPO,46,9,21.703999264083947,1.4520826543240035,82.5,1000
PPO,46,10,22.728726153331266,3.3562971914086828,84.89999999999999,1000
PPO,46,11,22.977561833711356,3.4116925900243658,83.39999999999999,1000
PPO,46,12,21.594152117445816,0.8981858525885731,84.5,1000
PPO,46,13,21.806840950999735,1.1669981392943,84.7,1000
PPO,46,14,19.57538999152445,0.7299138895726949,83.8,1000
PPO,46,15,21.221904227563048,1.0966395671463152,84.1,1000
PPO,46,16,27.034571502916936,5.98435412567382,85.39999999999999,1000
PPO,46,17,21.68044491009787,1.4020087267127093,85.3,1000
PPO,46,18,23.94646138915233,3.5560139673226083,84.39999999999999,1000
PPO,46,19,21.836687672839812,1.562513363931848,85.8,1000
PPO,46,20,23.846067078891938,1.3305422410398302,80.0,1000
PPO,46,21,22.570405437735694,4.989302907162251,85.39999999999999,1000
PPO,46,22,22.587958264608723,2.037562687275256,82.0,1000
PPO,46,23,23.340522483929465,2.311604542370054,85.9,1000
PPO,46,24,21.486708311825343,1.2663496459913828,86.8,1000
PPO,46,25,22.88386232379491,3.5273540072041802,86.8,1000
PPO,46,26,26.061495015520727,5.233595353483814,83.39999999999999,1000
PPO,46,27,24.662196287630756,4.378813828573637,83.2,1000
PPO,46,28,25.547940371039505,3.8739161465387077,83.1,1000
PPO,46,29,20.460928006357886,1.3769745361584749,86.1,1000
MADDPG,42,0,21.29952297056479,0.878571446604105,84.7,1000
MADDPG,42,1,21.849992610225957,1.3162821722342155,83.6,1000
MADDPG,42,2,19.699879697623548,1.1378863169608247,84.2,1000
MADDPG,42,3,21.062076272695826,0.6635382465517411,83.0,1000
MADDPG,42,4,21.378950708320236,1.3956332516347256,80.9,1000
MADDPG,42,5,21.23724747013878,1.3600538668740043,81.5,1000
MADDPG,42,6,20.07741735981602,0.8309276979532966,82.0,1000
MADDPG,42,7,22.384153747577876,1.422484225043421,81.0,1000
MADDPG,42,8,22.28146162911393,2.2676966228308117,83.8,1000
MADDPG,42,9,22.158853707669827,3.2415710605865313,85.5,1000
MADDPG,42,10,21.177456877191005,0.713490665293647,82.5,1000
MADDPG,42,11,21.19195726459306,1.0544985614817801,82.39999999999999,1000
MADDPG,42,12,22.359530338823976,1.1755339301448466,80.5,1000
MADDPG,42,13,20.535431372843856,2.000610218169079,83.5,1000
MADDPG,42,14,21.980371535636863,3.3042946773888637,85.0,1000
MADDPG,42,15,21.87239031766299,1.616278300482346,83.39999999999999,1000
MADDPG,42,16,19.934426508698493,1.7378791221619745,83.0,1000
MADDPG,42,17,21.122567316893196,1.1074489638650973,85.1,1000
MADDPG,42,18,24.170218649382768,3.4250141312540068,84.5,1000
MADDPG,42,19,20.329211409777585,3.738270536167619,80.60000000000001,1000
MADDPG,42,20,24.09945473084548,3.093460822734096,84.39999999999999,1000
MADDPG,42,21,20.938169262686024,1.2662695990556085,84.39999999999999,1000
MADDPG,42,22,22.86435999657402,1.7877546045579689,82.0,1000
MADDPG,42,23,19.594189174948717,0.851577397637093,84.2,1000
MADDPG,42,24,20.76008733161298,0.6365347172061466,80.0,1000
MADDPG,42,25,22.07836287097297,7.492833178753326,84.88488488488488,999
MADDPG,42,26,20.57296446115412,7.5042863682592165,85.58558558558559,999
MADDPG,42,27,20.129655767477104,0.8712219029787098,84.5,1000
MADDPG,42,28,19.74441943081493,1.020393054661798,83.39999999999999,1000
MADDPG,42,29,21.630855814916597,2.266506316907699,81.39999999999999,1000
MADDPG,43,0,22.794218893294232,3.4446451410798504,83.39999999999999,1000
MADDPG,43,1,21.071000114174684,1.1168445586278917,84.7,1000
MADDPG,43,2,22.531284475512862,2.3638137447933447,84.0,1000
MADDPG,43,3,20.806580580005285,2.110648286896882,82.39999999999999,1000
MADDPG,43,4,22.174072109427986,3.1151669010199186,83.8,1000
MADDPG,43,5,21.205099448546143,1.9456015617014155,81.39999999999999,1000
MADDPG,43,6,23.53667006245463,4.304476501058268,84.6,1000
MADDPG,43,7,23.23032772987654,5.876268674012323,84.8,1000
MADDPG,43,8,22.113171118238554,1.569976409236763,83.6,1000
MADDPG,43,9,22.047958246571067,2.1165276370570036,86.2,1000
MADDPG,43,10,21.92028409400936,3.4966450813675256,84.3,1000
MADDPG,43,11,21.622375671787754,2.4720055631720586,83.6,1000
MADDPG,43,12,23.952966113289236,4.587533672749145,83.39999999999999,1000
MADDPG,43,13,25.13840806029114,3.5179576055161794,86.4,1000
MADDPG,43,14,19.847556602016624,0.8522555426625875,83.89999999999999,1000
MADDPG,43,15,20.80041502430823,7.42706219003677,82.78278278278279,999
MADDPG,43,16,22.071990357219477,2.361862110616123,86.1,1000
MADDPG,43,17,22.85497953935708,3.5816289785578848,84.2,1000
MADDPG,43,18,22.18646618756394,2.6272299461879856,85.2,1000
MADDPG,43,19,21.30580347012884,1.395026455161786,84.0,1000
MADDPG,43,20,21.79742655213431,1.8689575423205371,83.1,1000
MADDPG,43,21,24.634611368793117,2.63443425872024,84.6,1000
MADDPG,43,22,21.801269013124166,2.5993594083543003,85.3,1000
MADDPG,43,23,21.027029272068138,1.4908349369309273,85.7,1000
MADDPG,43,24,24.00019909246859,2.4094107235625257,86.0,1000
MADDPG,43,25,20.147502254813375,1.0648008763224681,85.3,1000
MADDPG,43,26,23.089958245680986,2.0391411975630516,84.5,1000
MADDPG,43,27,21.559332349597465,1.9145891631501282,83.89999999999999,1000
MADDPG,43,28,21.987136569518064,1.1899758592619325,84.0,1000
MADDPG,43,29,20.954602806428216,0.9753281774655722,85.8,1000
MADDPG,44,0,25.686010961353272,4.391194971204785,83.89999999999999,1000
MADDPG,44,1,21.407419013982512,0.9054795311605988,85.7,1000
MADDPG,44,2,23.78908394678031,3.778508194191987,81.6,1000
MADDPG,44,3,22.457996979540518,7.505578151346287,83.48348348348348,999
MADDPG,44,4,21.880132968388665,1.3904941024240616,84.89999999999999,1000
MADDPG,44,5,21.328384725023643,2.320854029093369,85.5,1000
MADDPG,44,6,19.214140623798073,7.5078184087645665,85.18518518518519,999
MADDPG,44,7,22.090918040162606,3.1819257930718607,82.8,1000
MADDPG,44,8,21.43730888650309,0.983876906849275,85.7,1000
MADDPG,44,9,21.61486841774492,1.6188565974709508,82.8,1000
MADDPG,44,10,23.271982208901463,1.6923978220279399,85.39999999999999,1000
MADDPG,44,11,21.58210474553122,2.3699941094909964,84.6,1000
MADDPG,44,12,21.613445342235952,1.9636354827113323,85.7,1000
MADDPG,44,13,22.807237628088668,2.371660308067908,82.6,1000
MADDPG,44,14,23.850929216172798,1.6117632365518744,83.39999999999999,1000
MADDPG,44,15,25.400707362342832,3.3353594433274303,85.1,1000
MADDPG,44,16,24.710506946552318,3.611544312846926,84.3,1000
MADDPG,44,17,19.927261586612936,1.0457415977711266,86.6,1000
MADDPG,44,18,23.48069816706687,2.077134852751095,85.2,1000
MADDPG,44,19,20.82325188569495,2.395386686042904,85.9,1000
MADDPG,44,20,19.961369221431106,0.8276117598720318,85.2,1000
MADDPG,44,21,23.477904399937657,6.054564239763349,86.6,1000
MADDPG,44,22,19.423502916319567,0.8950945305133593,86.6,1000
MADDPG,44,23,20.452092087442928,7.502675412540125,84.38438438438438,999
MADDPG,44,24,19.085522355508736,0.4844355175762405,84.6,1000
MADDPG,44,25,20.491450989748646,1.462105408200749,85.7,1000
MADDPG,44,26,24.432167716346953,7.112863699418959,85.8,1000
MADDPG,44,27,20.624450512143042,1.127297965525957,82.8,1000
MADDPG,44,28,21.253992440341314,1.2971785576505406,85.7,1000
MADDPG,44,29,20.743989489051216,2.2645513905653547,81.0,1000
MADDPG,45,0,21.576758056179845,1.40240512980142,84.8,1000
MADDPG,45,1,24.427575075298833,2.899097231590948,81.39999999999999,1000
MADDPG,45,2,24.50433798851145,1.6616320756434049,83.39999999999999,1000
MADDPG,45,3,23.2573653909168,5.999321675267413,80.4,1000
MADDPG,45,4,21.96573028861015,1.884063990237107,83.2,1000
MADDPG,45,5,20.567340207204943,0.98660583724822,84.8,1000
MADDPG,45,6,23.468739488697633,2.6441572022135618,84.8,1000
MADDPG,45,7,22.12502034928644,3.044515283483097,85.1,1000
MADDPG,45,8,25.751963641621487,2.6028760767784926,84.7,1000
MADDPG,45,9,19.73487082061215,0.733612515691543,80.80000000000001,1000
MADDPG,45,10,21.67653460745656,2.040843535693657,86.3,1000
MADDPG,45,11,22.06366425429071,1.2265471296684327,82.39999999999999,1000
MADDPG,45,12,22.827352386773992,4.424435621599287,86.1,1000
MADDPG,45,13,25.08125504745583,7.162203807729052,84.3,1000
MADDPG,45,14,19.890181693798542,0.9798800648305256,85.6,1000
MADDPG,45,15,21.262040213780725,1.3711490825103034,82.1,1000
MADDPG,45,16,20.563105880088266,1.4383588516799302,84.0,1000
MADDPG,45,17,19.731839779371864,0.8111115788598726,87.9,1000
MADDPG,45,18,21.65395965179055,2.8044253797252776,85.1,1000
MADDPG,45,19,21.355329086476136,2.3784285886227403,85.1,1000
MADDPG,45,20,22.778298565711054,1.8589837739027766,84.2,1000
MADDPG,45,21,20.51083310049463,2.976237593650171,84.3,1000
MADDPG,45,22,19.85325714961599,0.9772059088160717,84.39999999999999,1000
MADDPG,45,23,21.726594981215808,1.6317225715117922,86.8,1000
MADDPG,45,24,22.154736029094995,3.043520419034965,83.5,1000
MADDPG,45,25,20.473131306758273,0.8090017734337954,84.6,1000
MADDPG,45,26,20.808253502425355,1.0246676312866512,88.4,1000
MADDPG,45,27,22.07526943236343,7.563102604734013,84.08408408408408,999
MADDPG,45,28,21.102821385620974,2.142723412612963,83.7,1000
MADDPG,45,29,21.67519414945401,1.4292125925878745,85.7,1000
MADDPG,46,0,20.127378957568567,1.514569215522933,83.5,1000
MADDPG,46,1,23.193544049800426,1.8316207299292178,80.4,1000
MADDPG,46,2,25.114936340879105,2.5495900522431283,83.39999999999999,1000
MADDPG,46,3,24.662918044337662,1.4548898327861377,82.5,1000
MADDPG,46,4,25.019099991624316,5.179683088405368,81.2,1000
MADDPG,46,5,22.34051994733767,1.0997525681485358,83.3,1000
MADDPG,46,6,20.35997523101938,1.480799473101596,83.8,1000
MADDPG,46,7,20.85021028617728,7.382339252956028,83.58358358358359,999
MADDPG,46,8,24.806462089391637,3.3264939824495205,81.8,1000
MADDPG,46,9,21.773999264083947,1.279854359854967,82.39999999999999,1000
MADDPG,46,10,22.94372615333127,3.356394697628199,83.3,1000
MADDPG,46,11,22.927561833711355,1.8895235587861785,83.8,1000
MADDPG,46,12,21.664152117445813,1.022100300664724,81.10000000000001,1000
MADDPG,46,13,21.701840950999735,1.2924230174819493,84.5,1000
MADDPG,46,14,19.46038999152445,0.9762649603790978,84.3,1000
MADDPG,46,15,20.80690422756305,1.783368180355605,81.3,1000
MADDPG,46,16,21.32327533796363,7.406527450685172,83.76753507014027,998
MADDPG,46,17,23.120444910097866,4.024155515770437,83.89999999999999,1000
MADDPG,46,18,23.511461389152327,2.551791437689715,84.3,1000
MADDPG,46,19,21.751687672839818,1.2827632709926302,84.1,1000
MADDPG,46,20,23.746067078891937,1.8944495811468234,82.19999999999999,1000
MADDPG,46,21,22.75040543773569,3.2413368134512712,84.3,1000
MADDPG,46,22,22.967958264608722,2.117625736914788,82.1,1000
MADDPG,46,23,24.330522483929464,3.1902683687125934,86.2,1000
MADDPG,46,24,22.316708311825344,1.2692468433120014,86.9,1000
MADDPG,46,25,22.22386232379491,1.5793674289252342,82.39999999999999,1000
MADDPG,46,26,26.821495015520725,6.402772374674599,84.2,1000
MADDPG,46,27,22.217196287630756,1.3963494357106474,83.3,1000
MADDPG,46,28,23.497940371039505,2.271383123984261,82.19999999999999,1000
MADDPG,46,29,20.635928006357883,1.0665527217881277,85.2,1000
MAPPO,42,0,21.29952297056479,0.878571446604105,84.7,1000
MAPPO,42,1,21.369992610225957,1.417280484337215,83.6,1000
MAPPO,42,2,19.619879697623546,1.127142934416693,84.2,1000
MAPPO,42,3,20.622076272695832,0.7209823174204014,82.5,1000
MAPPO,42,4,21.018950708320233,0.6135501034171654,82.69999999999999,1000
MAPPO,42,5,21.48724747013878,1.04344340959786,83.3,1000
MAPPO,42,6,20.83741735981602,0.9771940402423367,82.1,1000
MAPPO,42,7,23.284153747577875,2.652107171442091,82.39999999999999,1000
MAPPO,42,8,21.841461629113933,2.3392751610228464,85.0,1000
MAPPO,42,9,20.06441460839991,7.506492351379025,84.58458458458459,999
MAPPO,42,10,21.707456877191007,0.7917707058151646,80.80000000000001,1000
MAPPO,42,11,20.466957264593063,0.8075676598786398,83.0,1000
MAPPO,42,12,21.569530338823974,1.0378822747005014,81.10000000000001,1000
MAPPO,42,13,20.350431372843858,0.8226955236230477,81.89999999999999,1000
MAPPO,42,14,21.98037153563687,3.6893922674034165,81.89999999999999,1000
MAPPO,42,15,20.94739031766299,0.9460129117191006,82.19999999999999,1000
MAPPO,42,16,20.844426508698497,1.9289043453355623,84.8,1000
MAPPO,42,17,21.652567316893197,1.9779289074097315,85.7,1000
MAPPO,42,18,23.41021864938277,1.1125393444221865,83.39999999999999,1000
MAPPO,42,19,18.799211409777584,1.1333835191497854,82.39999999999999,1000
MAPPO,42,20,23.86945473084548,2.9883017145730686,82.1,1000
MAPPO,42,21,20.258169262686025,0.9801951294396459,86.2,1000
MAPPO,42,22,22.00435999657402,1.2519966678537309,82.6,1000
MAPPO,42,23,19.894189174948718,0.9137713547468825,83.6,1000
MAPPO,42,24,23.16508733161298,2.240753134217811,80.5,1000
MAPPO,42,25,24.87305053475253,5.890576408212821,84.1,1000
MAPPO,42,26,22.853807541734863,4.688637567745635,84.2,1000
MAPPO,42,27,20.699655767477104,1.1312864412870736,82.3,1000
MAPPO,42,28,19.074419430814928,0.9754567941902568,84.39999999999999,1000
MAPPO,42,29,20.815703947213077,7.490194993595058,82.48248248248248,999
MAPPO,43,0,22.794218893294232,3.4446451410798504,83.39999999999999,1000
MAPPO,43,1,21.29600011417468,1.1186846225017277,83.7,1000
MAPPO,43,2,21.691284475512862,0.9542903560915152,83.6,1000
MAPPO,43,3,20.73658058000528,2.114785851739205,81.39999999999999,1000
MAPPO,43,4,21.19407210942799,0.8725260284920991,82.39999999999999,1000
MAPPO,43,5,20.25509944854614,1.0270868725907925,84.1,1000
MAPPO,43,6,19.526670062454624,0.764939931614927,84.6,1000
MAPPO,43,7,20.650327729876548,1.8334611939334184,85.1,1000
MAPPO,43,8,21.458171118238557,1.5671950278791282,84.89999999999999,1000
MAPPO,43,9,23.82295824657107,2.124525541960636,84.5,1000
MAPPO,43,10,23.27028409400935,3.5003167490640106,83.5,1000
MAPPO,43,11,22.102375671787755,1.9538589252415686,82.69999999999999,1000
MAPPO,43,12,22.697966113289237,1.7553963776690844,83.89999999999999,1000
MAPPO,43,13,24.398408060291146,2.837983202163711,85.0,1000
MAPPO,43,14,19.947556602016622,0.8219882582189312,86.7,1000
MAPPO,43,15,20.269884493777703,7.425870258780984,83.38338338338338,999
MAPPO,43,16,23.941990357219478,4.5637061233720795,85.1,1000
MAPPO,43,17,21.414979539357077,2.063028424907781,82.1,1000
MAPPO,43,18,22.466466187563938,2.6320795086735456,84.7,1000
MAPPO,43,19,21.455803470128842,1.882448456698988,81.89999999999999,1000
MAPPO,43,20,22.522426552134313,1.8692698321482146,81.89999999999999,1000
MAPPO,43,21,23.61461136879312,0.9173480494354183,82.69999999999999,1000
MAPPO,43,22,20.84626901312416,1.117471984524785,85.7,1000
MAPPO,43,23,20.307029272068142,1.485600749738919,83.5,1000
MAPPO,43,24,27.070199092468595,6.360642747412974,86.7,1000
MAPPO,43,25,20.75750225481337,1.4372516929217904,85.3,1000
MAPPO,43,26,21.069958245680986,1.9320789271504761,85.39999999999999,1000
MAPPO,43,27,20.99433234959746,1.9105057235275678,83.0,1000
MAPPO,43,28,24.93213656951806,2.1433872215974428,84.7,1000
MAPPO,43,29,21.749602806428214,1.0684361642717566,84.2,1000
MAPPO,44,0,25.686010961353272,4.391194971204785,83.89999999999999,1000
MAPPO,44,1,21.342419013982514,1.0268653283390812,85.0,1000
MAPPO,44,2,23.44408394678031,4.238751718837155,82.39999999999999,1000
MAPPO,44,3,21.47701599855954,7.500631924833346,85.4854854854855,999
MAPPO,44,4,22.820132968388666,1.8529067695591368,84.89999999999999,1000
MAPPO,44,5,19.908384725023648,2.3882198523658307,86.7,1000
MAPPO,44,6,19.524450934108387,7.50469821397718,85.28528528528528,999
MAPPO,44,7,23.430918040162606,4.58706387406125,83.0,1000
MAPPO,44,8,24.342308886503087,3.4383785313683783,84.5,1000
MAPPO,44,9,23.419868417744926,2.6471406350280837,83.6,1000
MAPPO,44,10,23.191982208901464,1.059747941097302,85.0,1000
MAPPO,44,11,21.812104745531222,4.3250201544018445,84.0,1000
MAPPO,44,12,21.748445342235946,1.5608385279300927,81.39999999999999,1000
MAPPO,44,13,23.58723762808867,2.0847720949386392,83.5,1000
MAPPO,44,14,25.435929216172795,4.573392273403939,82.5,1000
MAPPO,44,15,26.29570736234284,5.6428741300402985,85.5,1000
MAPPO,44,16,24.28050694655232,6.446034987512,82.0,1000
MAPPO,44,17,20.677261586612936,1.0498710238204598,86.5,1000
MAPPO,44,18,22.755698167066864,1.7902268068551717,85.9,1000
MAPPO,44,19,20.44825188569495,1.6134925712463157,84.6,1000
MAPPO,44,20,20.0213692214311,1.0102519980678046,86.1,1000
MAPPO,44,21,24.11290439993766,5.648986699714193,83.8,1000
MAPPO,44,22,20.10350291631957,1.1017214788025385,85.1,1000
MAPPO,44,23,22.401152451130862,3.1849867021213494,86.3,1000
MAPPO,44,24,21.155522355508737,1.7205810676811635,83.0,1000
MAPPO,44,25,21.151450989748646,2.823494066754035,83.39999999999999,1000
MAPPO,44,26,22.167167716346952,2.746089241553685,84.8,1000
MAPPO,44,27,21.609450512143038,2.1655948273194743,85.3,1000
MAPPO,44,28,20.238992440341313,0.8886621323357072,86.8,1000
MAPPO,44,29,19.053989489051215,0.6940466084107808,85.5,1000
MAPPO,45,0,21.576758056179845,1.40240512980142,84.8,1000
MAPPO,45,1,23.40757507529883,2.895538249096592,81.89999999999999,1000
MAPPO,45,2,23.89433798851145,1.47099384959467,83.1,1000
MAPPO,45,3,21.1473653909168,2.1992723256272417,81.0,1000
MAPPO,45,4,22.470730288610152,3.445280584822567,84.89999999999999,1000
MAPPO,45,5,20.477340207204943,1.0991319068824699,85.3,1000
MAPPO,45,6,23.908739488697634,4.42983944118148,85.3,1000
MAPPO,45,7,21.26150381771161,7.581168392245564,85.88588588588588,999
MAPPO,45,8,25.326963641621482,3.957857941903246,84.5,1000
MAPPO,45,9,20.75487082061215,1.9845190652683082,84.2,1000
MAPPO,45,10,24.18153460745656,5.91917197492308,84.7,1000
MAPPO,45,11,23.828664254290707,1.9249043831357786,83.3,1000
MAPPO,45,12,20.282352386773994,1.630787342328192,84.7,1000
MAPPO,45,13,23.421255047455837,2.989156934449517,86.2,1000
MAPPO,45,14,20.37518169379854,2.5832185154230247,85.8,1000
MAPPO,45,15,22.602040213780725,4.467700034557381,83.2,1000
MAPPO,45,16,20.26810588008826,1.171687023451762,84.3,1000
MAPPO,45,17,21.85183977937186,1.4151392549575894,85.6,1000
MAPPO,45,18,23.743959651790554,6.276886212643385,84.89999999999999,1000
MAPPO,45,19,21.960329086476136,1.4530321570797669,82.89999999999999,1000
MAPPO,45,20,21.728298565711054,1.1014590746760817,86.2,1000
MAPPO,45,21,20.11083310049463,2.9760374628608997,84.8,1000
MAPPO,45,22,20.193257149615995,0.7616780737031761,82.39999999999999,1000
MAPPO,45,23,21.321594981215807,1.440795624622775,85.7,1000
MAPPO,45,24,25.744736029094994,7.025003591608117,84.2,1000
MAPPO,45,25,21.15313130675828,1.1452957591867499,82.3,1000
MAPPO,45,26,21.163253502425352,1.026042015894321,86.0,1000
MAPPO,45,27,21.57476893186293,7.561538525364667,82.78278278278279,999
MAPPO,45,28,22.78782138562097,2.1495169868357533,83.39999999999999,1000
MAPPO,45,29,20.87932812875011,7.565119634774919,84.28428428428428,999
MAPPO,46,0,20.127378957568567,1.514569215522933,83.5,1000
MAPPO,46,1,22.938544049800424,1.829715913811852,80.7,1000
MAPPO,46,2,24.734936340879102,2.584061474770801,82.0,1000
MAPPO,46,3,23.68291804433767,1.2404686049159006,82.19999999999999,1000
MAPPO,46,4,22.234099991624316,1.3900531487291798,81.2,1000
MAPPO,46,5,23.125519947337665,2.677877097557217,83.7,1000
MAPPO,46,6,20.35497523101938,1.481186419911065,84.39999999999999,1000
MAPPO,46,7,21.806166242133234,7.388072730207407,83.48348348348348,999
MAPPO,46,8,24.956462089391636,3.037032467500948,83.5,1000
MAPPO,46,9,21.85399926408395,0.7492789075520565,82.5,1000
MAPPO,46,10,21.69372615333127,2.8099446347878354,84.1,1000
MAPPO,46,11,21.982561833711358,1.88564364694567,83.5,1000
MAPPO,46,12,21.549152117445818,0.9788757626450817,82.3,1000
MAPPO,46,13,23.291840950999735,2.9690976435520122,83.89999999999999,1000
MAPPO,46,14,19.35538999152445,0.7310496054105103,84.2,1000
MAPPO,46,15,20.96690422756305,1.183812511274106,82.39999999999999,1000
MAPPO,46,16,25.239571502916938,5.973010250446568,84.8,1000
MAPPO,46,17,22.345444910097868,4.021384708252151,83.2,1000
MAPPO,46,18,23.691461389152327,3.0679807241639474,83.2,1000
MAPPO,46,19,21.001687672839818,1.4011093955191205,84.6,1000
MAPPO,46,20,23.526067078891938,1.7812939160034738,81.39999999999999,1000
MAPPO,46,21,23.650405437735696,6.615134512978031,85.9,1000
MAPPO,46,22,22.802958264608723,1.976707093696121,81.69999999999999,1000
MAPPO,46,23,22.90052248392946,2.100590733604658,84.2,1000
MAPPO,46,24,20.916708311825342,0.7024078127700056,85.5,1000
MAPPO,46,25,20.948862323794906,1.691124946490783,84.7,1000
MAPPO,46,26,21.07045416452299,7.395020978873509,84.3687374749499,998
MAPPO,46,27,22.667196287630752,1.5173217578415978,83.3,1000
MAPPO,46,28,22.172940371039505,1.2389754691965205,83.7,1000
MAPPO,46,29,21.375928006357885,1.5408472167159057,83.6,1000
DRL-MADRL,42,0,20.21952297056479,1.0148603744204931,86.1,1000
DRL-MADRL,42,1,19.224992610225957,0.9272788524912663,85.9,1000
DRL-MADRL,42,2,18.024879697623547,0.8582825543092921,86.1,1000
DRL-MADRL,42,3,20.77207627269583,0.9963058575947011,85.0,1000
DRL-MADRL,42,4,20.733950708320233,1.412202383228288,83.6,1000
DRL-MADRL,42,5,20.612247470138776,1.8670347089185124,86.5,1000
DRL-MADRL,42,6,19.717417359816018,1.0314933075340105,86.1,1000
DRL-MADRL,42,7,22.534153747577875,2.966498692370724,86.2,1000
DRL-MADRL,42,8,21.94146162911393,2.33600498282649,89.7,1000
DRL-MADRL,42,9,20.643853707669827,3.1350479119743833,88.1,1000
DRL-MADRL,42,10,21.052456877191005,0.871721875611891,88.6,1000
DRL-MADRL,42,11,21.076957264593062,2.687040493803903,88.2,1000
DRL-MADRL,42,12,20.589530338823977,0.7713348531395022,87.5,1000
DRL-MADRL,42,13,19.475431372843858,0.8207582276846301,85.7,1000
DRL-MADRL,42,14,19.395371535636865,1.0302055807768769,90.60000000000001,1000
DRL-MADRL,42,15,21.72739031766299,2.7951914898163817,86.3,1000
DRL-MADRL,42,16,19.764426508698495,0.9731182326660641,89.60000000000001,1000
DRL-MADRL,42,17,20.822567316893196,1.3893155428064163,89.2,1000
DRL-MADRL,42,18,23.02021864938277,1.5894139523467166,89.5,1000
DRL-MADRL,42,19,17.639211409777584,0.6073885794388041,89.0,1000
DRL-MADRL,42,20,21.614454730845477,1.2784450142112431,90.0,1000
DRL-MADRL,42,21,20.223169262686028,2.1157832864199446,90.10000000000001,1000
DRL-MADRL,42,22,20.474359996574023,0.8504219553427583,87.6,1000
DRL-MADRL,42,23,19.68418917494872,0.4727821407728011,88.7,1000
DRL-MADRL,42,24,22.105087331612978,2.2375267521105786,85.6,1000
DRL-MADRL,42,25,24.08305053475253,5.023333582897636,87.3,1000
DRL-MADRL,42,26,20.51380754173486,2.675931924759567,89.7,1000
DRL-MADRL,42,27,19.549655767477105,0.9418477367359386,90.7,1000
DRL-MADRL,42,28,19.46941943081493,0.5339013058657498,89.8,1000
DRL-MADRL,42,29,21.350855814916603,2.340337540503947,89.0,1000
DRL-MADRL,43,0,21.349218893294232,3.0966414407021086,85.1,1000
DRL-MADRL,43,1,19.586000114174684,0.5729614842787124,84.39999999999999,1000
DRL-MADRL,43,2,24.84628447551286,4.87266780841445,85.1,1000
DRL-MADRL,43,3,21.17158058000528,1.9415367113945143,86.6,1000
DRL-MADRL,43,4,22.304072109427988,1.6920045901565197,86.7,1000
DRL-MADRL,43,5,19.31009944854614,0.8310621867700574,87.8,1000
DRL-MADRL,43,6,21.166670062454624,3.594331952255152,88.9,1000
DRL-MADRL,43,7,19.398087058897083,7.422098995199688,87.4874874874875,999
DRL-MADRL,43,8,22.378171118238555,2.1100339623068294,89.1,1000
DRL-MADRL,43,9,22.06295824657107,2.5568260566752574,87.5,1000
DRL-MADRL,43,10,24.00528409400935,5.405603434369171,89.0,1000
DRL-MADRL,43,11,20.607375671787754,1.9441039983267334,86.5,1000
DRL-MADRL,43,12,20.942966113289238,2.337403639781156,86.4,1000
DRL-MADRL,43,13,22.893408060291144,2.820173986557617,90.3,1000
DRL-MADRL,43,14,19.822556602016622,0.767866682695233,87.9,1000
DRL-MADRL,43,15,21.696310920204127,7.4246804729964975,87.18718718718719,999
DRL-MADRL,43,16,22.496990357219477,2.083216383625656,87.2,1000
DRL-MADRL,43,17,22.044979539357076,2.944764562234333,85.3,1000
DRL-MADRL,43,18,19.85646618756394,1.3000022244888398,88.5,1000
DRL-MADRL,43,19,20.330803470128842,0.9672765440232381,86.9,1000
DRL-MADRL,43,20,21.85242655213431,2.8078297948486908,87.4,1000
DRL-MADRL,43,21,23.07961136879312,1.0275143117625944,88.9,1000
DRL-MADRL,43,22,19.566269013124163,0.9446827754164855,88.6,1000
DRL-MADRL,43,23,20.09702927206814,0.8449257162432237,87.1,1000
DRL-MADRL,43,24,22.43616479803255,7.440050899928536,88.28828828828829,999
DRL-MADRL,43,25,18.93250225481337,1.1514074762247506,90.2,1000
DRL-MADRL,43,26,20.492381820253232,7.415891195853665,89.1891891891892,999
DRL-MADRL,43,27,20.164332349597462,1.210256980655496,88.2,1000
DRL-MADRL,43,28,22.902136569518063,2.0448928384551572,85.9,1000
DRL-MADRL,43,29,21.784602806428214,2.7650014901848765,88.4,1000
DRL-MADRL,44,0,28.67101096135327,6.344008414630009,83.39999999999999,1000
DRL-MADRL,44,1,20.60741901398251,0.8398630243456948,87.2,1000
DRL-MADRL,44,2,24.454083946780308,6.68210236285266,86.9,1000
DRL-MADRL,44,3,20.571110092653637,7.4998026775170015,87.88788788788789,999
DRL-MADRL,44,4,23.235132968388665,3.277528902573858,89.4,1000
DRL-MADRL,44,5,20.858384725023647,2.4656772258908948,88.5,1000
DRL-MADRL,44,6,19.013940423597877,7.508393387308608,89.08908908908909,999
DRL-MADRL,44,7,20.190918040162607,0.9138530670758832,87.6,1000
DRL-MADRL,44,8,23.367308886503093,2.3269582260703103,89.8,1000
DRL-MADRL,44,9,23.23986841774492,2.127113223039059,87.6,1000
DRL-MADRL,44,10,20.766982208901464,0.855663850654422,87.2,1000
DRL-MADRL,44,11,19.539160640070953,7.508956900063625,89.08908908908909,999
DRL-MADRL,44,12,22.718445342235952,4.770913491067379,89.8,1000
DRL-MADRL,44,13,23.22223762808867,1.5115790298637926,86.5,1000
DRL-MADRL,44,14,23.710929216172794,3.6804343528237506,88.5,1000
DRL-MADRL,44,15,24.180707362342837,3.5589022353016477,88.0,1000
DRL-MADRL,44,16,24.611777970026974,7.5263111958492175,86.78678678678679,999
DRL-MADRL,44,17,19.267261586612936,0.5732377298658166,89.9,1000
DRL-MADRL,44,18,23.565698167066866,3.6022299023725437,86.7,1000
DRL-MADRL,44,19,20.33325188569495,1.480088063639181,88.0,1000
DRL-MADRL,44,20,20.281369221431103,0.8977498929355869,88.4,1000
DRL-MADRL,44,21,21.453731246777316,7.497886636298322,88.78878878878879,999
DRL-MADRL,44,22,19.328502916319565,0.9546905450612072,90.0,1000
DRL-MADRL,44,23,23.00115245113086,5.469677334711351,87.3,1000
DRL-MADRL,44,24,19.840522355508735,1.047989183491853,86.7,1000
DRL-MADRL,44,25,20.54645098974865,1.5556197803573315,88.1,1000
DRL-MADRL,44,26,20.802167716346954,2.4424714913083356,87.8,1000
DRL-MADRL,44,27,20.504450512143034,1.8701677706579682,88.6,1000
DRL-MADRL,44,28,20.053992440341315,1.0747608546275411,88.2,1000
DRL-MADRL,44,29,21.108989489051215,1.576254210917938,86.3,1000
DRL-MADRL,45,0,20.626758056179845,0.7996145080699463,85.0,1000
DRL-MADRL,45,1,21.678674052760385,7.632987740238154,82.28228228228228,999
DRL-MADRL,45,2,23.649337988511448,1.5047661139661845,89.3,1000
DRL-MADRL,45,3,20.767365390916797,3.0430914486358094,85.5,1000
DRL-MADRL,45,4,22.75573028861015,5.4516373625055365,87.6,1000
DRL-MADRL,45,5,19.442340207204943,0.6943544630207661,86.3,1000
DRL-MADRL,45,6,22.733739488697637,2.8666728489066764,86.4,1000
DRL-MADRL,45,7,23.395020349286447,5.927566304413981,89.8,1000
DRL-MADRL,45,8,22.626963641621483,1.867320404660277,86.7,1000
DRL-MADRL,45,9,20.139870820612153,0.9397412640674636,86.3,1000
DRL-MADRL,45,10,21.02653460745656,1.8725447383515097,89.8,1000
DRL-MADRL,45,11,21.318664254290706,1.7723680915043971,88.9,1000
DRL-MADRL,45,12,19.927352386773997,1.9144836296863912,87.0,1000
DRL-MADRL,45,13,23.346255047455834,2.984705760761341,87.8,1000
DRL-MADRL,45,14,19.340181693798545,0.8002758876743016,88.0,1000
DRL-MADRL,45,15,20.292040213780727,1.1833767070948156,85.8,1000
DRL-MADRL,45,16,19.673105880088265,0.9302965438251236,87.0,1000
DRL-MADRL,45,17,21.316839779371865,1.7131538524775578,89.1,1000
DRL-MADRL,45,18,21.083959651790554,1.8911721145364648,89.60000000000001,1000
DRL-MADRL,45,19,20.805329086476135,1.3332650546987845,89.2,1000
DRL-MADRL,45,20,21.14829856571106,0.8876086286948062,87.5,1000
DRL-MADRL,45,21,19.40083310049463,1.52771115844935,88.4,1000
DRL-MADRL,45,22,19.338257149615995,0.7165838858273694,87.4,1000
DRL-MADRL,45,23,21.126594981215806,1.8872748322085635,88.2,1000
DRL-MADRL,45,24,22.064736029095,3.0379149179307547,88.0,1000
DRL-MADRL,45,25,20.168131306758273,1.0180366832413559,88.4,1000
DRL-MADRL,45,26,21.958253502425357,2.0896669656370355,87.9,1000
DRL-MADRL,45,27,20.548742905836903,7.556926780285617,87.18718718718719,999
DRL-MADRL,45,28,22.452821385620968,2.1415831955412896,85.7,1000
DRL-MADRL,45,29,20.333782583204563,7.556627950264214,88.48848848848849,999
DRL-MADRL,46,0,19.402378957568562,1.1945166947183097,84.8,1000
DRL-MADRL,46,1,21.598544049800424,1.8236206049801895,81.89999999999999,1000
DRL-MADRL,46,2,25.559936340879105,5.049070582010651,85.3,1000
DRL-MADRL,46,3,23.887918044337663,2.543597168049741,90.10000000000001,1000
DRL-MADRL,46,4,22.139099991624317,1.7579836294206261,85.39999999999999,1000
DRL-MADRL,46,5,23.25051994733767,2.9557823889146544,86.2,1000
DRL-MADRL,46,6,20.22497523101938,1.597622461269881,88.2,1000
DRL-MADRL,46,7,21.345705781672773,7.388277537556212,87.38738738738738,999
DRL-MADRL,46,8,23.826462089391644,2.3234742820898937,85.7,1000
DRL-MADRL,46,9,21.94399926408395,1.4099871251117047,86.7,1000
DRL-MADRL,46,10,22.44372615333127,4.110339246234582,90.8,1000
DRL-MADRL,46,11,20.182499111200254,7.378612579071627,87.08708708708708,999
DRL-MADRL,46,12,21.93415211744581,1.3018230402784434,87.7,1000
DRL-MADRL,46,13,21.821840950999736,1.055505213584039,88.5,1000
DRL-MADRL,46,14,19.08538999152445,0.7287674857561114,85.2,1000
DRL-MADRL,46,15,19.14190422756305,0.8448542367154238,87.7,1000
DRL-MADRL,46,16,23.459571502916937,4.123028351120493,88.7,1000
DRL-MADRL,46,17,20.780444910097863,1.2833238500901183,89.1,1000
DRL-MADRL,46,18,22.516461389152326,3.269784747660444,88.0,1000
DRL-MADRL,46,19,20.356687672839815,1.1038700325097504,88.5,1000
DRL-MADRL,46,20,24.14606707889194,2.960689419415055,84.39999999999999,1000
DRL-MADRL,46,21,20.02835552592673,7.393595601042118,89.08908908908909,999
DRL-MADRL,46,22,21.197958264608722,2.1130966998401477,87.4,1000
DRL-MADRL,46,23,22.190522483929463,2.2452574978962394,88.2,1000
DRL-MADRL,46,24,21.22170831182534,1.7087781806987985,89.9,1000
DRL-MADRL,46,25,21.24886232379491,3.053413285371259,87.9,1000
DRL-MADRL,46,26,21.777223258134555,7.38556653878574,84.68468468468468,999
DRL-MADRL,46,27,22.542196287630755,2.9845793186372984,87.4,1000
DRL-MADRL,46,28,24.532940371039505,3.5395131538745175,86.3,1000
DRL-MADRL,46,29,20.555928006357885,0.9825060908944357,88.3,1000
